{
    "accuracy": 0.8682002706359946,
    "precision": 0.8676293253875006,
    "recall": 0.8682002706359946,
    "f1_score": 0.8670454283084074
}